2,03,123,D1,120,248,2,4,151
2,03,128,D2,111,385,3,1,73
3,01,053,D2,120,220,3,2,53
3,02,053,D2,120,289,3,3,122
3,03,123,D2,119,165,3,4,68
3,03,141,D1,114,330,4,1,31
3,04,053,D2,115,165,3,4,218
4,01,040,D2,119,73,4,1,113
4,01,057,D1,122,220,4,2,57
4,01,123,D2,116,165,4,2,68
4,02,053,D2,119,165,4,2,218
4,02,057,D1,116,73,4,2,130
4,02,132,D1,124,385,4,4,77
4,03,044,D2,122,73,4,3,117
4,03,123,D2,117,165,4,4,68
4,03,141,D0,122,293,4,4,214
4,04,048,D2,114,165,4,4,213
4,04,057,D1,124,385,5,2,2
5,01,044,D2,116,73,5,1,117
5,01,128,D2,117,110,5,2,18
5,02,044,D2,115,165,5,2,209
5,02,053,D1,120,293,5,3,126
5,03,048,C2,117,69,5,3,117
5,03,053,G2,120,35,5,3,88
5,03,057,C1,119,55,5,3,112
5,03,114,D2,122,55,5,3,169
5,03,114,F2,120,165,5,4,59
5,03,132,D1,117,110,5,4,22
5,04,048,D1,116,73,5,4,121
5,04,048,D2,116,165,5,4,213
5,04,057,A1,119,165,6,1,2
5,04,136,D1,121,110,6,1,26
6,01,044,E2,121,69,6,1,113
6,01,053,C2,116,73,6,1,126
6,01,057,C1,115,55,6,1,112
6,01,128,F2,124,289,6,2,197
6,01,132,A#0,120,165,6,2,77
6,01,132,D3,119,165,6,2,77
6,01,136,A#1,116,110,6,2,26
6,02,044,A#1,115,241,6,3,65
6,02,053,D3,118,55,6,2,108
6,02,053,F3,119,165,6,2,218
6,02,194,F2,116,110,6,3,84
6,02,198,D3,118,110,6,3,88
6,03,044,G2,117,55,6,3,99
6,03,123,E2,114,165,6,4,68
6,03,128,C3,114,165,6,4,73
6,03,132,A0,119,248,6,4,160
6,03,141,A1,117,165,6,4,86
6,03,141,E3,122,165,6,4,86
6,04,048,E2,114,110,6,4,158
6,04,053,C3,116,73,6,4,126
6,04,123,A1,116,73,6,4,196
6,04,198,A1,119,110,7,1,88
6,04,207,D2,115,55,7,1,42
7,01,048,C3,123,73,7,1,121
7,01,057,C2,115,73,7,1,130
7,01,057,E2,119,110,7,1,167
7,01,128,C3,118,73,7,1,201
7,01,132,C2,117,55,7,1,187
7,01,189,F2,122,73,7,2,42
7,01,198,D2,119,275,7,3,33
7,01,202,D1,115,293,7,3,55
7,02,198,F2,118,73,7,3,51
7,02,207,A1,121,73,7,3,60
7,03,053,C1,115,55,7,3,108
7,03,057,C2,122,73,7,3,130
7,03,132,D2,115,165,7,4,77
7,03,141,A#1,115,165,7,4,86
7,03,141,F2,117,110,7,4,31
7,03,154,A#0,120,330,8,1,44
7,04,053,D2,119,55,7,4,108
7,04,053,F2,116,165,7,4,218
7,04,110,A#1,123,110,8,1,0
7,04,202,F2,118,165,8,1,147
7,04,207,D2,115,55,8,1,42
7,04,211,A#1,120,73,8,1,64
8,01,048,E2,121,55,8,1,103
8,01,062,E3,124,55,8,1,117
8,01,123,F2,125,165,8,2,68
8,01,128,F0,117,241,8,2,149
8,01,128,F3,120,330,8,3,18
8,01,132,F1,118,110,8,2,22
8,01,132,C3,116,165,8,2,77
8,02,044,F2,117,165,8,2,209
8,02,048,F1,123,73,8,2,121
8,02,053,C3,119,385,8,3,218
8,02,128,F1,121,110,8,3,18
8,02,180,A1,123,69,8,3,29
8,03,031,G1,118,55,8,3,86
8,03,044,G2,116,110,8,3,154
8,03,123,C2,116,55,8,3,178
8,03,123,E3,120,241,8,4,144
8,03,128,C1,114,330,9,1,18
8,03,128,E2,121,35,8,3,163
8,03,145,G2,123,110,8,4,35
8,04,053,C2,116,73,8,4,126
8,04,053,E2,115,69,8,4,122
8,04,053,G2,120,255,9,1,88
8,04,132,C2,125,110,9,1,22
8,04,194,E2,117,110,9,1,84
8,04,207,D3,116,73,9,1,60
9,01,000,C1,122,55,9,1,55
9,01,048,C3,118,35,9,1,83
9,01,057,C1,123,73,9,1,130
9,01,123,D2,120,165,9,2,68
9,01,128,F2,118,69,9,1,197
9,01,141,D0,119,165,9,2,86
9,01,145,D1,116,110,9,2,35
9,01,150,A1,120,55,9,1,205
9,02,119,D1,122,73,9,2,192
9,02,189,A1,115,73,9,3,42
9,02,198,D1,116,55,9,3,33
9,02,211,F2,122,165,9,3,156
9,03,044,C2,117,55,9,3,99
9,03,114,D2,115,55,9,3,169
9,03,128,D1,116,165,9,4,73
9,03,132,F2,124,165,9,4,77
9,03,141,A1,123,110,9,4,31
9,04,044,D2,119,69,9,4,113
9,04,048,D1,116,220,10,1,48
10,01,048,D1,119,73,10,1,121
10,01,053,D2,124,69,10,1,122
10,01,062,F2,119,475,10,3,97
10,01,123,G2,118,73,10,1,196
10,01,141,A#1,118,110,10,2,31
10,01,141,D3,122,110,10,2,31
10,01,141,G3,117,330,10,3,31
10,01,145,A#0,116,110,10,2,35
10,02,048,A#1,118,289,10,3,117
10,02,057,G2,120,165,10,3,2
10,02,057,D3,118,165,10,3,2
10,02,062,A#0,120,248,10,3,90
10,02,198,G2,118,69,10,3,47
10,02,202,G1,122,55,10,3,37
10,02,202,D3,123,110,10,3,92
10,03,044,A1,117,69,10,3,113
10,03,110,A#1,122,234,10,4,124
10,03,128,A#3,116,165,10,4,73
10,03,132,G0,120,330,11,1,22
10,03,132,D2,117,165,10,4,77
10,03,136,G1,115,110,10,4,26
10,03,136,D4,118,165,10,4,81
10,04,053,G1,123,165,10,4,218
10,04,053,D2,121,69,10,4,122
10,04,053,A#3,117,69,10,4,122
10,04,057,F#1,121,73,10,4,130
10,04,194,A1,119,513,11,3,47
10,04,198,D2,118,165,11,1,143
10,04,198,F3,118,165,11,1,143
10,04,207,G1,121,110,11,1,97
11,01,044,G2,118,55,11,1,99
11,01,123,D2,122,110,11,2,13
11,01,128,F3,123,110,11,2,18
11,01,132,D0,118,73,11,1,205
11,01,136,D1,116,110,11,2,26
11,02,128,D1,118,110,11,3,18
11,03,048,C1,116,55,11,3,103
11,03,048,C2,116,35,11,3,83
11,03,128,F3,117,330,12,1,18
11,03,132,A#0,116,385,12,1,77
11,03,136,A#1,115,330,12,1,26
11,03,136,D3,122,165,11,4,81
11,04,053,C4,119,110,11,4,163
11,04,057,F2,115,275,12,1,112
11,04,198,D3,120,55,12,1,33
12,01,026,A#1,123,110,12,1,136
12,01,128,D2,119,165,12,2,73
12,01,128,A3,123,110,12,2,18
12,01,132,D1,115,385,12,3,77
12,01,132,F3,120,110,12,2,22
12,01,136,D0,118,110,12,2,26
12,02,057,D2,119,110,12,2,167
12,02,180,D2,121,73,12,3,33
12,02,194,D3,118,73,12,3,47
12,03,031,F3,121,110,12,3,141
12,03,114,A1,119,165,12,4,59
12,03,114,E2,115,73,12,3,187
12,03,114,E3,116,165,12,4,59
12,03,119,A0,117,385,13,1,64
12,03,119,C#3,117,110,12,4,9
12,04,035,C#3,118,69,12,4,104
12,04,035,E3,119,73,12,4,108
12,04,172,F2,117,69,13,1,21
12,04,172,F3,118,110,13,1,62
12,04,180,A1,115,220,13,1,180
13,01,031,D2,116,55,13,1,86
13,01,031,B2,120,73,13,1,104
13,01,101,E3,120,165,13,2,46
13,01,106,E2,118,165,13,2,51
13,01,110,C#3,115,73,13,1,183
13,01,114,A0,123,454,13,3,128
13,01,180,A1,116,110,13,2,70
13,02,176,A1,118,165,13,3,121
13,02,176,A3,114,165,13,3,121
13,03,035,C3,115,73,13,3,108
13,03,035,C4,113,110,13,3,145
13,03,114,F3,119,165,13,4,59
13,03,114,A3,121,289,13,4,183
13,03,119,D2,115,165,13,4,64
13,03,119,D3,118,165,13,4,64
13,03,123,D4,113,110,13,4,13
13,03,128,D1,116,275,13,4,183
13,04,035,D4,120,165,13,4,200
13,04,053,D2,123,110,13,4,163
13,04,053,F3,125,110,13,4,163
13,04,176,F3,122,165,14,1,121
13,04,176,A3,117,165,14,1,121
13,04,180,D3,122,73,14,1,33
13,04,185,D2,115,73,14,1,38
13,04,194,D4,116,165,14,1,139
14,01,035,C1,117,69,14,1,104
14,01,035,C2,115,73,14,1,108
14,01,040,E3,117,110,14,1,150
14,01,040,E4,113,73,14,1,113
14,01,119,F3,115,165,14,2,64
14,01,123,A#0,120,330,14,3,13
14,01,123,F4,116,165,14,2,68
14,01,128,A#1,115,220,14,2,128
14,01,132,A#3,119,165,14,2,77
14,01,132,D4,118,165,14,2,77
14,02,057,F3,120,255,14,3,92
14,02,057,A#3,120,110,14,2,167
14,02,057,D4,114,110,14,2,167
14,02,062,F4,115,110,14,2,172
14,02,128,A#1,118,165,14,3,73
14,02,194,D4,115,165,14,3,139
14,02,198,F4,116,165,14,3,143
14,03,040,A#3,114,73,14,3,113
14,03,053,G3,114,73,14,3,126
14,03,128,E3,115,165,14,4,73
14,03,128,A3,115,110,14,4,18
14,03,128,E4,112,165,14,4,73
14,03,132,A1,117,248,14,4,160
14,03,141,C4,115,110,14,4,31
14,04,044,A3,118,110,14,4,154
14,04,044,C4,115,165,14,4,209
14,04,048,E3,118,293,15,1,121
14,04,048,E4,114,165,14,4,213
14,04,123,E2,124,165,15,1,68
14,04,180,A#1,123,73,15,1,33
14,04,180,A3,119,165,15,1,125
14,04,189,D3,115,110,15,1,79
14,04,189,D4,114,605,15,3,134
14,04,194,F3,117,248,15,2,2
15,01,044,C3,120,73,15,1,117
15,01,044,C4,114,330,15,2,154
15,01,048,G3,118,73,15,1,121
15,01,128,D2,117,73,15,1,201
15,01,128,A3,121,73,15,1,201
15,01,132,C3,121,110,15,2,22
15,01,136,D1,116,234,15,2,150
15,01,202,D2,121,234,15,2,216
15,01,202,D3,116,385,15,3,147
15,01,202,A3,114,234,15,2,216
15,02,000,F3,117,165,15,2,165
15,02,145,D1,124,110,15,3,35
15,02,202,F3,121,385,15,4,147
15,02,207,D2,123,73,15,3,60
15,02,207,A3,116,165,15,3,152
15,03,053,C1,117,73,15,3,126
15,03,057,C2,114,73,15,3,130
15,03,057,C3,122,73,15,3,130
15,03,057,G3,117,165,15,4,2
15,03,070,E3,118,73,15,3,143
15,03,132,A#3,118,275,15,4,187
15,03,136,A#0,117,234,15,4,150
15,03,136,D3,115,110,15,4,26
15,03,141,A#1,115,293,15,4,214
15,03,141,D4,115,110,15,4,31
15,04,053,D3,118,165,15,4,218
15,04,053,D4,119,165,15,4,218
15,04,189,A#3,115,165,16,1,134
15,04,194,F3,115,165,16,1,139
15,04,194,D4,116,73,16,1,47
15,04,198,D3,116,73,16,1,51
16,01,040,E4,113,73,16,1,113
16,01,044,E3,114,73,16,1,117
16,01,114,F3,118,385,16,3,59
16,01,123,F1,115,165,16,2,68
16,01,123,F4,112,110,16,2,13
16,01,128,A3,116,110,16,2,18
16,02,040,C2,122,55,16,2,95
16,02,040,F4,118,165,16,2,205
16,02,044,F2,119,165,16,2,209
16,02,044,A3,119,165,16,2,209
16,02,110,F1,121,165,16,3,55
16,02,194,A3,122,110,16,3,84
16,02,194,F4,114,165,16,3,139
16,03,040,G3,113,165,16,3,205
16,03,114,C2,120,165,16,4,59
16,03,119,C1,117,110,16,4,9
16,03,123,E3,114,165,16,4,68
16,03,123,E4,113,110,16,4,13
16,03,136,G2,120,165,16,4,81
16,04,035,C2,117,255,17,1,70
16,04,035,G3,123,289,17,1,104
16,04,040,E4,115,165,16,4,205
16,04,044,C4,115,165,16,4,209
16,04,048,E3,117,165,16,4,213
16,04,062,G2,123,165,17,1,7
16,04,189,D4,112,165,17,1,134
17,01,031,C4,119,289,17,2,100
17,01,040,E3,116,73,17,1,113
17,01,110,D1,115,165,17,2,55
17,01,110,D2,115,165,17,2,55
17,01,119,D3,120,165,17,2,64
17,01,119,A3,113,275,17,2,174
17,01,119,D4,112,330,17,3,9
17,01,128,F3,111,275,17,2,183
17,02,044,D2,120,110,17,2,154
17,02,180,D2,121,165,17,3,125
17,02,180,A3,116,293,17,4,33
17,02,189,F3,117,165,17,3,134
17,03,040,C3,115,73,17,3,113
17,03,040,G3,116,73,17,3,113
17,03,040,C4,114,165,17,3,205
17,03,048,E3,118,73,17,3,121
17,03,110,D2,116,69,17,3,179
17,03,110,F3,119,385,18,1,55
17,03,110,D4,116,165,17,4,55
17,04,035,A3,118,234,18,1,49
17,04,040,D2,116,110,17,4,150
17,04,040,D4,116,330,18,1,150
17,04,057,D1,123,165,18,1,2
18,01,035,C2,115,110,18,1,145
18,01,044,C1,117,69,18,1,113
18,01,044,F3,118,110,18,1,154
18,01,044,A3,121,69,18,1,113
18,01,048,F4,119,73,18,1,121
18,01,114,A#4,121,220,18,2,114
18,01,123,A#0,120,385,18,3,68
18,01,123,A#3,118,289,18,2,192
18,01,128,G4,114,165,18,2,73
18,01,132,D4,119,165,18,2,77
18,01,141,G3,122,110,18,2,31
18,02,048,G4,118,165,18,2,213
18,02,053,G3,119,165,18,2,218
18,02,057,A#1,118,110,18,2,167
18,02,062,D4,117,110,18,2,172
18,02,189,A#3,116,165,18,3,134
18,02,189,A#4,118,165,18,3,134
18,02,194,A#1,122,165,18,3,139
18,02,194,D4,113,165,18,3,139
18,02,198,G3,120,110,18,3,88
18,02,198,G4,115,165,18,3,143
18,03,044,A1,120,69,18,3,113
18,03,044,A3,114,73,18,3,117
18,03,044,A4,113,73,18,3,117
18,03,114,A#1,122,165,18,4,59
18,03,123,G0,117,248,18,4,151
18,03,123,A#3,116,165,18,4,68
18,03,123,A#4,113,165,18,4,68
18,03,132,G4,118,165,18,4,77
18,03,136,D4,118,110,18,4,26
18,04,044,A#3,116,110,18,4,154
18,04,048,D4,114,165,18,4,213
18,04,048,A#4,113,165,18,4,213
18,04,053,G4,114,110,18,4,163
18,04,057,G1,117,110,18,4,167
18,04,057,G2,122,73,18,4,130
18,04,185,G1,122,73,19,1,38
18,04,189,D4,119,165,19,1,134
18,04,189,F4,113,165,19,1,134
18,04,194,A3,114,165,19,1,139
18,04,194,A4,116,165,19,1,139
19,01,040,G1,120,110,19,1,150
19,01,044,G3,115,110,19,1,154
19,01,044,E4,115,69,19,1,113
19,01,048,G4,115,73,19,1,121
19,01,114,D4,113,293,19,2,187
19,01,119,F4,113,454,19,3,133
19,01,119,A4,118,165,19,2,64
19,01,123,A3,114,293,19,2,196
19,01,132,D1,115,293,19,2,205
19,01,194,D2,117,165,19,2,139
19,02,189,F3,115,165,19,3,134
19,02,194,D3,121,73,19,3,47
19,02,194,A3,114,165,19,3,139
19,02,194,D4,114,165,19,3,139
19,03,123,A#3,118,289,19,4,192
19,03,128,A#0,120,275,19,4,183
19,03,132,D4,121,110,19,4,22
19,03,132,F4,113,165,19,4,77
19,03,136,F3,116,110,19,4,26
19,04,044,A#1,116,165,19,4,209
19,04,044,F3,120,220,20,1,44
19,04,044,D4,114,165,19,4,209
19,04,053,F4,114,275,20,1,108
19,04,185,A#4,116,110,20,1,75
19,04,189,A#3,115,110,20,1,79
19,04,189,G4,115,110,20,1,79
19,04,194,G3,114,110,20,1,84
19,04,202,D4,116,110,20,1,92
20,01,114,A3,113,220,20,2,114
20,01,114,D4,115,73,20,1,187
20,01,114,F4,112,385,20,3,59
20,01,114,A4,114,165,20,2,59
20,01,119,D1,116,165,20,2,64
20,01,123,D2,120,69,20,1,192
20,01,185,D2,120,69,20,2,34
20,01,189,D4,122,234,20,2,203
20,02,035,D2,124,73,20,2,108
20,02,040,D1,124,73,20,2,113
20,02,110,D2,123,110,20,3,0
20,02,128,D1,122,165,20,3,73
20,02,180,F3,120,73,20,3,33
20,02,194,A3,112,385,20,4,139
20,02,194,D4,112,165,20,3,139
20,03,040,F3,116,110,20,3,150
20,03,040,F4,114,454,21,1,54
20,03,119,E3,114,293,20,4,192
20,03,123,A0,115,385,21,1,68
20,03,123,A1,115,165,20,4,68
20,03,123,E4,112,165,20,4,68
20,03,128,G3,114,330,21,1,18
20,04,044,E4,116,165,20,4,209
20,04,110,A1,120,110,21,1,0
20,04,189,D3,119,55,21,1,24
20,04,189,F3,114,165,21,1,134
20,04,194,D4,120,165,21,1,139
21,01,026,C#4,122,110,21,1,136
21,01,031,C#3,116,110,21,1,141
21,01,110,D2,118,165,21,2,55
21,01,119,D1,114,330,21,3,9
21,01,119,D3,121,165,21,2,64
21,01,119,F3,119,165,21,2,64
21,01,123,A3,115,110,21,2,13
21,01,128,D4,117,110,21,2,18
21,02,035,D2,116,255,21,3,70
21,02,035,A3,116,234,21,3,49
21,02,040,D4,116,165,21,2,205
21,02,106,D3,120,110,21,2,216
21,02,106,F3,118,110,21,2,216
21,02,180,C2,118,35,21,2,215
21,02,189,E4,116,73,21,3,42
21,02,194,G3,120,110,21,3,84
21,02,216,C#2,124,69,21,3,65
21,03,110,F3,115,165,21,4,55
21,03,110,F4,112,165,21,4,55
21,03,114,A3,114,165,21,4,59
21,03,119,C1,115,275,21,4,174
21,03,119,C2,117,275,21,4,174
21,03,119,G2,125,234,21,4,133
21,03,119,D4,113,110,21,4,9
21,04,035,D4,116,165,21,4,200
21,04,035,F4,116,234,22,1,49
21,04,092,A3,122,165,22,1,37
21,04,106,F3,120,165,22,1,51
21,04,180,D4,115,165,22,1,125
21,04,180,A#4,121,73,22,1,33
21,04,185,A#1,115,165,22,1,130
21,04,189,A#0,122,165,22,1,134
21,04,189,G4,115,110,22,1,79
22,01,128,A0,118,825,23,1,73
22,01,128,A1,121,110,22,2,18
22,01,128,D4,119,330,22,3,18
22,01,128,F4,118,293,22,2,201
22,01,128,A4,116,770,23,1,18
22,02,198,F3,115,454,22,4,212
22,02,202,F4,115,550,23,1,92
22,03,044,D3,114,165,22,3,209
22,03,044,D4,112,385,22,4,209
22,03,132,A1,119,110,22,4,22
22,03,132,A2,121,165,22,4,77
22,03,132,A3,115,248,22,4,160
22,04,119,A1,115,165,23,1,64
23,01,119,G1,115,605,23,4,64
23,01,123,G0,114,825,24,1,68
23,01,128,A#3,111,330,23,3,18
23,01,128,A#4,111,385,23,3,73
23,01,132,D4,110,330,23,3,22
23,01,132,G4,112,275,23,2,187
23,02,189,F4,114,454,23,4,203
23,02,194,F3,113,513,24,1,47
23,03,048,D3,114,385,23,4,213
23,03,048,D4,114,385,23,4,213
23,03,123,A#2,119,165,23,4,68
23,03,128,A#3,112,385,24,1,73
23,04,114,F#1,122,73,23,4,187
23,04,114,G1,120,73,23,4,187
23,04,189,G1,117,165,24,1,134
24,01,123,A1,119,234,24,2,137
24,01,123,C#2,114,165,24,2,68
24,01,123,E2,116,110,24,2,13
24,01,132,A0,115,220,24,2,132
24,02,123,D2,118,73,24,2,196
24,02,128,A#0,120,255,24,3,163
24,02,132,A0,121,165,24,3,77
24,02,132,A1,115,165,24,3,77
24,02,132,F2,115,165,24,3,77
24,03,097,A#1,116,110,24,3,207
24,03,106,A1,120,234,24,4,120
24,03,106,F3,117,330,24,4,216
24,03,114,F2,116,165,24,4,59
24,03,114,C#3,116,110,24,4,4
24,03,119,A0,118,234,24,4,133
24,04,123,A1,122,110,25,1,13
24,04,128,A0,122,241,25,1,149
24,04,202,G2,116,110,25,1,92
24,04,207,E2,121,73,25,1,60
24,04,207,C#3,115,165,25,1,152
24,04,211,E3,121,110,25,1,101
25,01,132,D2,115,293,25,2,205
25,01,132,A3,116,165,25,2,77
25,01,154,F3,114,165,25,2,99
25,02,053,A3,120,165,25,2,218
25,02,057,D3,123,293,25,3,130
25,02,079,F3,121,110,25,2,189
25,02,211,D2,117,289,25,4,60
25,02,216,F3,121,165,25,3,161
25,02,216,A3,113,165,25,3,161
25,03,128,A#3,113,255,25,4,163
25,03,132,D3,120,385,26,1,77
25,03,141,F3,121,55,25,3,196
25,03,194,F3,120,289,26,1,43
25,03,202,A3,121,605,26,2,147
25,04,057,D2,124,165,26,1,2
25,04,198,D2,120,165,26,1,143
26,01,110,C2,120,165,26,2,55
26,01,123,C3,117,165,26,2,68
26,01,123,G3,114,165,26,2,68
26,01,123,C4,116,165,26,2,68
26,01,128,E3,115,165,26,2,73
26,01,136,D2,122,165,26,2,81
26,02,053,C4,116,165,26,2,218
26,02,057,C3,115,293,26,3,130
26,02,057,G3,119,165,26,3,2
26,02,070,E3,117,110,26,2,180
26,02,123,D2,122,165,26,3,68
26,02,198,A3,121,234,26,3,212
26,02,202,G3,113,248,26,4,10
26,02,207,E3,114,165,26,3,152
26,02,207,C4,115,165,26,3,152
26,03,053,D2,125,69,26,3,122
26,03,119,D2,125,165,26,4,64
26,03,132,C3,116,385,27,1,77
26,03,132,C4,116,454,27,1,146
26,03,202,A3,111,165,26,4,147
26,03,211,F3,113,385,27,1,156
26,04,057,D2,122,165,27,1,2
26,04,198,A3,119,165,27,1,143
26,04,207,D2,116,165,27,1,152
27,01,128,D3,121,293,27,2,201
27,01,132,D2,116,220,27,2,132
27,01,132,F3,113,165,27,2,77
27,01,132,A3,112,165,27,2,77
27,02,053,A3,114,165,27,2,218
27,02,057,F3,118,165,27,3,2
27,02,132,D2,124,73,27,2,205
27,02,202,D3,122,165,27,3,147
27,02,207,D2,124,165,27,3,152
27,02,207,A3,114,110,27,3,97
27,02,216,F3,118,110,27,3,106
27,03,119,A#3,112,165,27,4,64
27,03,132,F3,117,385,28,1,77
27,03,185,D3,120,513,28,2,38
27,03,198,D2,122,165,27,4,143
27,03,207,A3,116,1121,29,1,8
27,04,136,D2,120,73,27,4,209
27,04,207,D2,124,165,28,1,152
28,01,119,A#2,115,165,28,2,64
28,01,123,G3,113,165,28,2,68
28,01,132,D2,116,385,28,3,77
28,02,044,F3,113,605,28,4,209
28,02,048,A#2,120,165,28,2,213
28,02,053,D3,121,165,28,2,218
28,02,198,A1,119,165,28,3,143
28,02,198,C#3,114,110,28,3,88
28,02,202,A2,121,605,29,1,147
28,02,202,E3,113,110,28,3,92
28,03,114,D3,116,165,28,4,59
28,03,119,C4,113,330,29,1,9
28,03,123,D2,115,165,28,4,68
28,03,123,F2,111,605,29,2,68
28,03,128,A1,119,248,28,4,156
28,04,040,D3,119,330,29,1,150
28,04,044,D2,115,289,29,1,113
28,04,189,D4,113,165,29,1,134
29,01,040,E4,112,73,29,1,113
29,01,110,F3,123,110,29,2,0
29,01,110,D4,112,289,29,2,179
29,01,114,D2,113,241,29,2,135
29,01,114,F4,112,330,29,3,4
29,01,189,A2,114,385,29,3,134
29,02,035,D3,114,110,29,2,145
29,02,106,F3,114,165,29,3,51
29,02,185,G4,113,165,29,3,130
29,02,189,E4,111,165,29,3,134
29,03,031,F4,113,110,29,3,141
29,03,031,A4,114,110,29,3,141
29,03,106,G4,112,234,29,4,120
29,03,110,C2,113,289,29,4,179
29,03,114,E4,112,165,29,4,59
29,03,180,G2,114,255,29,4,215
29,04,031,C3,117,275,30,1,86
29,04,035,C4,118,255,30,1,70
29,04,106,E3,113,165,30,1,51
29,04,189,G3,119,110,30,1,79
29,04,194,E4,112,165,30,1,139
30,01,119,F2,112,385,30,3,64
30,01,119,F3,121,165,30,2,64
30,01,119,A3,112,165,30,2,64
30,01,123,F4,113,293,30,2,196
30,01,194,C3,114,165,30,2,139
30,02,057,G4,114,110,30,2,167
30,02,062,F3,120,165,30,3,7
30,02,062,C4,114,165,30,3,7
30,02,128,A3,112,165,30,3,73
30,02,207,F4,113,293,30,4,60
30,02,207,A4,114,165,30,3,152
30,03,128,C3,123,165,30,4,73
30,03,132,C2,114,165,30,4,77
30,03,136,C4,113,255,30,4,171
30,03,136,G4,112,330,31,1,26
30,03,202,G2,113,234,30,4,216
30,04,048,C3,115,275,31,1,103
30,04,119,E3,114,165,31,1,64
30,04,189,G3,113,165,31,1,134
30,04,189,F4,112,165,31,1,134
31,01,040,C4,112,293,31,2,113
31,01,044,G4,121,69,31,1,113
31,01,123,F2,113,385,31,3,68
31,01,123,F4,113,289,31,2,192
31,01,123,A4,112,454,31,3,137
31,01,202,C3,113,275,31,3,37
31,02,048,F3,118,248,31,3,76
31,02,119,A3,112,165,31,3,64
31,02,198,G4,111,165,31,3,143
31,02,202,C4,114,165,31,3,147
31,03,040,F4,110,234,31,4,54
31,03,044,A3,115,220,31,4,44
31,03,119,G3,114,165,31,4,64
31,03,123,A1,114,275,31,4,178
31,03,123,E4,112,165,31,4,68
31,03,198,E2,121,330,32,1,88
31,04,044,A3,113,165,31,4,209
31,04,048,F4,111,165,31,4,213
31,04,053,A2,116,241,32,1,74
31,04,128,C#3,113,165,32,1,73
31,04,202,G3,113,165,32,1,147
31,04,202,E4,112,165,32,1,147
32,01,123,D2,113,234,32,2,137
32,01,123,F3,113,165,32,2,68
32,01,123,D4,111,293,32,2,196
32,01,207,A2,114,330,32,3,97
32,02,048,D3,115,165,32,2,213
32,02,119,F3,116,110,32,3,9
32,02,198,G3,113,110,32,3,88
32,02,202,E4,113,165,32,3,147
32,03,048,C4,112,165,32,3,213
32,03,053,E3,116,73,32,3,126
32,03,123,F3,114,385,33,1,68
32,03,128,D4,111,165,32,4,73
32,03,198,D3,114,110,32,4,88
32,04,048,A2,113,248,33,1,76
32,04,110,F2,114,330,33,2,0
32,04,185,D2,114,248,33,1,213
32,04,189,F4,113,165,33,1,134
32,04,194,D4,113,110,33,1,84
32,04,194,D5,123,234,33,1,208
33,01,031,A1,117,550,33,3,141
33,01,044,E4,114,69,33,1,113
33,01,044,G4,114,73,33,1,117
33,01,044,E5,116,73,33,1,117
33,01,110,F4,112,385,33,3,55
33,01,114,D1,119,550,33,4,4
33,01,119,A4,112,385,33,3,64
33,01,119,F5,111,385,33,3,64
33,01,123,A#1,123,165,33,2,68
33,01,136,D0,122,110,33,2,26
33,02,119,D2,116,165,33,3,64
33,02,128,F2,119,234,33,3,142
33,02,198,E4,114,73,33,3,51
33,02,198,G4,114,110,33,3,88
33,02,198,E5,113,73,33,3,51
33,03,040,F4,113,110,33,3,150
33,03,040,A4,114,110,33,3,150
33,03,040,F5,114,110,33,3,150
33,03,110,G2,117,234,33,4,124
33,03,110,G4,114,165,33,4,55
33,03,110,G5,112,165,33,4,55
33,03,114,A#4,115,293,33,4,187
33,04,031,F5,111,165,33,4,196
33,04,035,F4,114,165,33,4,200
33,04,035,A4,116,165,33,4,200
33,04,114,C2,114,550,34,3,4
33,04,123,G2,119,165,34,1,68
33,04,189,G5,112,165,34,1,134
33,04,194,G4,113,110,34,1,84
33,04,194,A#4,115,165,34,1,139
34,01,119,F1,114,825,35,1,64
34,01,119,F2,115,550,34,4,9
34,01,119,A4,114,110,34,2,9
34,01,123,F0,120,165,34,2,68
34,01,123,C5,112,220,34,2,123
34,01,123,A5,110,165,34,2,68
34,02,035,G4,119,165,34,2,200
34,02,040,G5,115,165,34,2,205
34,02,048,A#4,115,605,34,4,213
34,02,123,C3,116,73,34,2,196
34,02,123,C5,122,165,34,3,68
34,02,185,F4,115,165,34,3,130
34,02,185,F5,112,475,35,1,0
34,02,189,A4,120,110,34,3,79
34,03,123,A#0,118,248,34,4,151
34,03,128,A#1,119,165,34,4,73
34,03,128,D4,112,289,34,4,197
34,03,128,F4,112,289,34,4,197
34,03,136,D5,113,289,34,4,205
34,04,114,A#1,115,330,35,2,4
34,04,114,A#2,117,110,35,1,4
34,04,119,F2,117,248,35,1,147
34,04,123,D2,114,110,35,1,13
34,04,194,D4,114,73,35,1,47
34,04,194,F4,114,165,35,1,139
34,04,198,D5,115,165,35,1,143
35,01,040,E4,113,73,35,1,113
35,01,044,G4,115,73,35,1,117
35,01,044,E5,116,73,35,1,117
35,01,119,D1,118,165,35,2,64
35,01,119,F4,115,241,35,2,140
35,01,123,A4,113,165,35,2,68
35,01,123,F5,112,165,35,2,68
35,01,136,D0,118,330,35,3,26
35,02,040,G5,113,165,35,2,205
35,02,044,G4,114,110,35,2,154
35,02,048,A#4,114,110,35,2,158
35,02,123,D2,114,234,35,3,137
35,02,145,F2,120,165,35,3,90
35,02,185,A4,113,165,35,3,130
35,02,185,A5,111,165,35,3,130
35,02,194,C5,112,110,35,3,84
35,03,101,G1,117,330,35,4,211
35,03,110,A#4,112,165,35,4,55
35,03,114,A#5,112,241,35,4,135
35,03,119,G0,118,165,35,4,64
35,03,119,D5,113,165,35,4,64
35,04,035,A#4,114,165,35,4,200
35,04,040,D4,113,330,36,1,150
35,04,044,D5,115,275,36,1,99
35,04,101,G2,118,165,36,1,46
35,04,114,A#2,121,165,36,1,59
35,04,123,D3,120,241,36,1,144
35,04,123,G3,125,241,36,1,144
35,04,189,G4,113,110,36,1,79
35,04,194,A#4,114,241,36,1,215
35,04,194,G5,112,255,36,2,9
36,01,128,A4,113,165,36,2,73
36,01,128,F5,110,234,36,2,142
36,01,132,F4,111,241,36,2,153
36,01,198,A3,121,165,36,2,143
36,02,057,A2,117,330,36,3,167
36,02,119,G4,112,234,36,3,133
36,02,119,G5,112,241,36,3,140
36,02,123,A#4,113,165,36,3,68
36,02,194,E4,112,165,36,3,139
36,02,194,E5,113,165,36,3,139
36,03,035,A1,116,275,36,4,90
36,03,119,D4,111,241,36,4,140
36,03,123,F4,112,241,36,4,144
36,03,123,D5,114,165,36,4,68
36,04,092,E4,117,110,36,4,202
36,04,092,G4,118,165,37,1,37
36,04,101,E5,120,165,37,1,46
36,04,180,C#4,117,73,37,1,33
36,04,185,E4,116,110,37,1,75
36,04,185,C#5,117,110,37,1,75
37,01,101,D3,117,110,37,1,211
37,01,101,A3,118,255,37,2,136
37,01,101,A4,113,330,37,2,211
37,01,101,C5,121,110,37,1,211
37,01,106,A2,118,234,37,2,120
37,01,106,D4,115,293,37,2,179
37,01,119,F3,117,330,37,3,9
37,01,158,F4,115,275,37,2,213
37,02,110,D1,118,110,37,3,0
37,03,110,A#2,116,165,37,4,55
37,03,110,A#3,114,293,37,4,183
37,03,114,D3,115,165,37,4,59
37,03,114,D4,115,330,38,1,4
37,03,114,A#4,114,330,38,1,4
37,03,128,G3,115,165,37,4,73
37,03,158,G4,117,165,37,4,103
37,04,070,G3,120,110,37,4,180
37,04,088,D3,118,73,37,4,161
37,04,114,G0,119,165,38,1,59
37,04,119,G1,118,110,38,1,9
38,01,128,C4,115,110,38,2,18
38,01,132,A2,119,165,38,2,77
38,01,132,C3,117,73,38,1,205
38,01,132,A3,118,165,38,2,77
38,01,136,F3,119,165,38,2,81
38,01,136,A4,116,110,38,2,26
38,01,141,F4,116,110,38,2,31
38,02,044,C4,116,165,38,2,209
38,02,053,F4,116,165,38,2,218
38,02,053,A4,122,165,38,2,218
38,02,057,A3,115,165,38,3,2
38,02,123,F0,120,110,38,3,13
38,02,123,F1,117,165,38,3,68
38,02,202,C4,117,110,38,3,92
38,02,202,F4,113,110,38,3,92
38,02,207,A3,117,110,38,3,97
38,02,207,A4,114,110,38,3,97
38,03,110,A3,118,110,38,4,0
38,03,119,A2,119,110,38,4,9
38,03,119,F3,120,110,38,4,9
38,03,119,C4,114,385,39,1,64
38,03,119,F4,118,255,38,4,154
38,03,119,A4,116,110,38,4,9
38,03,123,C3,117,165,38,4,68
38,03,180,G2,117,73,38,4,33
38,03,180,G3,118,385,39,1,125
38,03,180,G4,118,55,38,4,15
38,03,185,E4,113,165,38,4,130
38,04,154,C0,120,55,38,4,209
38,04,154,C1,121,110,39,1,44
38,04,158,G2,117,165,39,1,103
39,01,009,E3,115,110,39,1,119
39,01,088,C4,122,110,39,1,198
39,01,128,E4,114,220,39,2,128
39,01,150,G2,122,255,39,2,185
39,01,154,A#4,120,165,39,2,99
39,01,158,D3,117,165,39,2,103
39,01,158,G4,113,241,39,2,179
39,01,163,A#2,121,165,39,2,108
39,01,163,G3,114,248,39,2,191
39,01,163,A#3,113,289,39,3,12
39,01,163,D4,117,275,39,2,218
39,02,097,D3,117,110,39,2,207
39,03,132,F2,115,241,39,4,153
39,03,132,A3,116,73,39,3,205
39,03,132,C4,120,110,39,4,22
39,03,136,D3,118,165,39,4,81
39,03,141,A2,122,330,40,1,31
39,03,141,F3,114,330,40,1,31
39,03,145,F4,113,220,39,4,145
39,03,180,D4,116,255,39,4,215
39,03,216,A3,123,275,40,1,51
39,04,092,D3,120,110,39,4,202
39,04,136,A1,119,165,40,1,81
39,04,145,F4,121,165,40,1,90
39,04,150,F2,119,255,40,1,185
39,04,158,C4,120,110,40,1,48
40,01,136,A2,115,165,40,2,81
40,01,136,A3,113,165,40,2,81
40,01,141,C#3,116,165,40,2,86
40,01,141,E3,114,165,40,2,86
40,01,141,C#4,117,110,40,2,31
40,01,141,E4,113,110,40,2,31
40,02,062,A3,115,110,40,2,172
40,02,066,A2,123,255,40,3,101
40,02,066,F3,114,165,40,3,11
40,02,066,D4,114,110,40,2,176
40,02,066,F4,113,165,40,3,11
40,02,070,D3,121,110,40,2,180
40,02,198,A3,120,110,40,3,88
40,02,198,C#4,115,110,40,3,88
40,02,202,C#3,117,110,40,3,92
40,02,202,E4,114,110,40,3,92
40,02,207,E3,115,110,40,3,97
40,03,097,C#3,119,69,40,3,166
40,03,101,C#4,119,69,40,3,170
40,03,110,A2,119,275,40,4,165
40,03,110,E3,117,73,40,3,183
40,03,110,A3,115,165,40,4,55
40,03,110,E4,114,110,40,4,0
40,03,189,D3,120,110,40,4,79
40,03,189,F3,117,110,40,4,79
40,03,194,D2,115,69,40,4,43
40,03,198,D4,116,165,40,4,143
40,04,132,D4,116,73,40,4,205
40,04,136,C5,125,110,41,1,26
40,04,141,D0,116,165,41,1,86
40,04,198,E3,116,69,41,1,47
40,04,207,E4,115,55,41,1,42
41,01,035,F3,118,73,41,1,108
41,01,040,F4,115,73,41,1,113
41,01,119,D3,116,165,41,2,64
41,01,119,A3,115,330,41,3,9
41,01,119,A4,116,248,41,2,147
41,01,123,A2,116,293,41,2,196
41,01,123,F3,118,241,41,2,144
41,01,128,D4,115,165,41,2,73
41,01,128,F4,114,330,41,3,18
41,02,106,D2,118,55,41,2,161
41,02,119,D1,124,55,41,2,174
41,02,119,D4,118,69,41,2,188
41,02,189,E3,116,55,41,3,24
41,02,189,E4,115,55,41,3,24
41,03,026,F3,117,110,41,3,136
41,03,035,F4,115,110,41,3,145
41,03,114,A#2,116,165,41,4,59
41,03,119,A#3,115,275,41,4,174
41,03,123,D4,115,110,41,4,13
41,03,123,A#4,114,275,41,4,178
41,03,128,D3,115,110,41,4,18
41,03,132,F3,116,165,41,4,77
41,03,132,F4,118,330,42,1,22
41,04,106,D3,119,110,41,4,216
41,04,110,D4,115,73,41,4,183
41,04,176,E4,117,55,42,1,11
42,01,022,F3,117,110,42,1,132
42,01,031,F4,116,110,42,1,141
42,01,114,C4,114,165,42,2,59
42,01,119,A2,115,165,42,2,64
42,01,119,A3,116,110,42,2,9
42,01,119,A4,117,165,42,2,64
42,01,123,F3,117,69,42,1,192
42,01,128,C3,115,110,42,2,18
42,01,128,F4,117,110,42,2,18
42,02,035,A3,116,165,42,2,200
42,02,035,C4,120,165,42,2,200
42,02,040,F4,117,165,42,2,205
42,02,040,A4,119,165,42,2,205
42,02,110,F2,123,110,42,3,0
42,02,180,C4,115,165,42,3,125
42,02,180,F4,116,165,42,3,125
42,02,180,A4,115,165,42,3,125
42,02,185,C5,114,165,42,3,130
42,03,101,F4,120,110,42,3,211
42,03,101,A4,122,110,42,3,211
42,03,158,C3,121,110,42,4,48
42,03,163,G2,115,275,42,4,218
42,03,167,E3,116,165,42,4,112
42,03,167,C4,120,165,42,4,112
42,03,172,E4,116,110,42,4,62
42,04,119,G1,121,110,43,1,9
42,04,123,C1,121,110,43,1,13
42,04,123,C2,119,293,43,1,196
42,04,141,C4,121,110,43,1,31
42,04,189,E3,115,165,43,1,134
43,01,026,G3,117,110,43,1,136
43,01,044,C4,116,73,43,1,117
43,01,084,E4,115,73,43,1,157
43,01,132,G2,118,110,43,2,22
43,01,132,A#2,119,110,43,2,22
43,01,132,G3,121,255,43,2,167
43,01,132,A#3,117,69,43,1,201
43,01,132,A#4,120,73,43,1,205
43,01,136,D3,117,165,43,2,81
43,01,136,G4,114,165,43,2,81
43,01,163,D4,117,165,43,2,108
43,01,202,A#3,119,165,43,2,147
43,02,070,D3,121,69,43,2,139
43,02,123,G0,119,110,43,3,13
43,02,123,G1,120,110,43,3,13
43,03,097,F2,113,385,44,1,42
43,03,101,A2,116,293,43,4,174
43,03,101,A3,120,73,43,3,174
43,03,101,D4,121,330,43,4,211
43,03,106,D3,117,165,43,4,51
43,03,106,F3,115,293,43,4,179
43,03,106,F4,113,385,44,1,51
43,03,185,A3,120,234,43,4,199
43,04,035,D3,122,110,43,4,145
44,01,097,A2,115,165,44,2,42
44,01,097,C#3,114,73,44,1,170
44,01,097,E3,113,73,44,1,170
44,01,097,A3,115,165,44,2,42
44,01,097,C#4,115,73,44,1,170
44,01,101,E4,114,110,44,1,211
44,02,018,F3,115,110,44,2,128
44,02,022,A2,118,289,44,3,91
44,02,022,A3,116,110,44,2,132
44,02,022,D4,114,110,44,2,132
44,02,026,D3,119,73,44,2,99
44,02,026,F4,115,385,44,3,191
44,02,158,C#3,117,73,44,3,11
44,02,158,E3,116,550,45,1,48
44,02,158,A3,117,73,44,3,11
44,02,158,C#4,116,73,44,3,11
44,02,163,E4,115,110,44,3,53
44,03,101,D1,117,825,45,3,46
44,03,101,D2,118,110,44,3,211
44,03,110,D3,120,330,45,1,0
44,03,110,A3,114,330,45,1,0
44,03,114,D4,113,605,45,2,59
44,03,119,D0,113,1348,46,1,147
44,04,202,A3,113,165,45,1,147
45,01,053,C4,113,385,45,2,218
45,01,128,D3,115,165,45,2,73
45,01,128,F3,115,165,45,2,73
45,01,128,A3,115,165,45,2,73
45,02,048,F3,113,605,45,4,213
45,02,048,A3,114,234,45,3,62
45,02,053,D3,115,73,45,2,126
45,02,057,D4,119,165,45,3,2
45,02,128,D3,114,165,45,3,73
45,02,198,D4,115,110,45,3,88
45,03,044,E4,112,73,45,3,117
45,03,110,A#3,115,165,45,4,55
45,03,110,F4,112,289,45,4,179
45,03,114,D3,117,73,45,3,187
45,03,114,D4,113,165,45,4,59
45,03,185,D3,115,165,45,4,130
45,04,031,A#3,118,248,46,1,59
45,04,035,D4,115,255,46,1,70
45,04,106,D3,114,69,45,4,175
45,04,172,D3,123,73,46,1,25
45,04,176,F4,113,293,46,2,29
46,01,026,D3,118,289,46,2,95
46,01,035,G4,113,165,46,1,200
46,01,097,A3,114,165,46,2,42
46,01,106,C4,112,165,46,2,51
46,01,106,E4,112,165,46,2,51
46,02,035,C4,115,165,46,2,200
46,02,035,E4,112,165,46,2,200
46,02,040,A3,113,385,46,3,205
46,02,088,D3,115,165,46,3,33
46,02,185,D4,118,605,47,1,130
46,03,022,D3,116,73,46,3,95
46,03,022,C4,116,73,46,3,95
46,03,101,D3,119,69,46,3,170
46,03,101,C4,113,385,47,1,46
46,03,106,E3,113,110,46,3,216
46,03,106,G3,114,234,46,4,120
46,03,167,D3,119,73,46,4,20
46,03,176,F3,113,330,47,1,66
46,03,185,A3,113,110,46,4,75
46,04,018,D3,119,73,46,4,91
46,04,097,D3,115,73,46,4,170
46,04,172,D3,117,73,47,1,25
46,04,185,A3,112,110,47,1,75
47,01,022,C4,112,110,47,1,132
47,01,026,D3,116,69,47,1,95
47,01,092,D3,125,73,47,1,165
47,01,092,F3,124,55,47,1,147
47,01,106,A#3,113,165,47,2,51
47,01,106,D4,117,165,47,2,51
47,01,150,F3,121,110,47,2,40
47,01,167,D3,119,73,47,2,20
47,02,026,A#3,113,165,47,2,191
47,02,031,D4,115,165,47,2,196
47,02,035,D3,115,110,47,2,145
47,02,044,F3,123,275,47,3,99
47,02,167,D3,114,73,47,3,20
47,02,172,D4,114,385,47,4,117
47,03,022,D3,120,73,47,3,95
47,03,031,E4,113,73,47,3,104
47,03,097,F3,119,385,48,1,42
47,03,101,D3,122,69,47,3,170
47,03,101,A3,115,165,47,4,46
47,03,106,C4,113,165,47,4,51
47,03,106,F4,113,165,47,4,51
47,03,163,D3,124,69,47,4,12
47,04,013,D3,123,73,47,4,86
47,04,031,A3,115,248,48,1,59
47,04,035,C4,114,165,47,4,200
47,04,035,F4,114,165,47,4,200
47,04,101,D3,116,234,48,1,115
47,04,176,F4,111,293,48,2,29
48,01,026,G4,113,165,48,1,191
48,01,106,D3,115,275,48,2,161
48,01,106,G3,114,165,48,2,51
48,01,106,C4,112,165,48,2,51
48,01,110,E4,112,110,48,2,0
48,02,026,C4,115,165,48,2,191
48,02,026,E4,111,165,48,2,191
48,02,035,G3,118,165,48,2,200
48,02,163,D3,122,73,48,3,16
48,02,180,D4,114,165,48,3,125
48,03,022,D3,116,73,48,3,95
48,03,026,C4,113,440,49,1,26
48,03,101,D4,118,440,49,1,101
48,03,106,A3,111,289,48,4,175
48,03,110,D3,117,69,48,3,179
48,03,119,F3,111,330,49,1,9
48,03,176,D3,115,73,48,4,29
48,04,035,D3,115,69,48,4,104
48,04,097,D3,120,73,48,4,170
48,04,172,A3,111,165,49,1,117
48,04,176,D3,115,69,49,1,25
49,01,022,D3,119,69,49,1,91
49,01,026,C4,114,385,49,2,191
49,01,092,D3,116,73,49,1,165
49,01,101,A3,113,165,49,2,46
49,01,101,D4,114,165,49,2,46
49,01,106,F3,114,165,49,2,51
49,01,167,D3,115,165,49,2,112
49,02,026,F3,115,385,49,3,191
49,02,026,A3,112,248,49,3,54
49,02,035,D4,115,165,49,2,200
49,02,092,D3,115,69,49,2,161
49,02,158,D3,116,73,49,3,11
49,02,180,D4,114,110,49,3,70
49,03,018,D3,117,110,49,3,128
49,03,026,F4,112,165,49,3,191
49,03,097,A#3,114,165,49,4,42
49,03,097,D4,116,165,49,4,42
49,03,101,G4,116,165,49,4,46
49,03,154,D3,119,73,49,4,7
49,04,018,D3,117,73,49,4,91
49,04,022,F4,123,165,49,4,187
49,04,022,A#4,117,293,50,1,95
49,04,026,A#3,116,695,50,3,61
49,04,026,G4,115,165,49,4,191
49,04,031,D4,114,293,50,1,104
49,04,101,D3,117,73,49,4,174
49,04,172,D3,117,73,50,1,25
49,04,180,G4,114,165,50,1,125
50,01,026,D3,118,73,50,1,99
50,01,031,A4,114,73,50,1,104
50,01,101,D3,116,73,50,1,174
50,01,106,D4,116,165,50,2,51
50,01,106,A#4,114,165,50,2,51
50,01,114,G4,120,165,50,2,59
50,01,172,D3,118,69,50,2,21
50,02,018,D3,125,73,50,2,91
50,02,035,D4,120,385,50,3,200
50,02,040,G4,121,165,50,2,205
50,02,040,A#4,117,293,50,3,113
50,02,101,D3,116,165,50,3,46
50,02,202,A4,115,110,50,3,92
50,03,031,D3,116,165,50,3,196
50,03,044,G4,112,110,50,3,154
50,03,119,A4,118,330,51,1,9
50,03,119,A#4,118,275,50,4,174
50,03,123,A3,113,385,51,1,68
50,03,128,F4,112,385,51,1,73
50,03,194,D3,116,73,50,4,47
50,03,194,D4,112,234,50,4,208
50,04,048,D3,116,73,50,4,121
50,04,136,D3,115,165,51,1,81
50,04,198,D4,114,110,51,1,88
51,01,044,E4,112,73,51,1,117
51,01,110,A#3,114,165,51,2,55
51,01,110,F4,111,165,51,2,55
51,01,114,D3,116,73,51,1,187
51,01,114,D4,114,165,51,2,59
51,01,185,D3,117,110,51,2,75
51,02,035,A#3,115,165,51,2,200
51,02,035,D4,115,165,51,2,200
51,02,035,F4,112,293,51,3,108
51,02,097,D3,121,55,51,2,152
51,02,158,D3,117,73,51,3,11
51,02,176,D4,117,165,51,3,121
51,02,180,A#3,115,165,51,3,125
51,02,185,G4,114,110,51,3,75
51,03,013,D3,119,165,51,3,178
51,03,097,A3,112,440,52,1,97
51,03,097,A4,116,688,52,2,125
51,03,106,F4,112,330,51,4,216
51,03,163,D3,116,73,51,4,16
51,03,172,D4,115,165,51,4,117
51,04,018,D3,115,69,51,4,87
51,04,088,D3,122,73,51,4,161
51,04,158,D4,114,110,52,1,48
51,04,167,D3,119,110,52,1,57
52,01,009,F4,111,234,52,2,23
52,01,092,C#4,117,165,52,2,37
52,01,097,A1,114,385,52,3,42
52,01,097,A3,118,165,52,2,42
52,01,101,E4,111,165,52,2,46
52,02,018,A3,114,165,52,2,183
52,02,022,C#4,115,165,52,2,187
52,02,026,E3,122,165,52,2,191
52,02,026,E4,112,165,52,2,191
52,02,180,A3,116,110,52,3,70
52,02,185,D4,113,165,52,3,130
52,02,185,F4,112,165,52,3,130
52,03,026,B3,114,110,52,3,136
52,03,097,E3,119,165,52,4,42
52,03,097,A3,116,220,52,4,97
52,03,106,E2,117,165,52,4,51
52,03,106,C#4,111,275,52,4,161
52,03,106,E4,111,293,52,4,179
52,03,172,A#1,120,165,52,4,117
52,03,189,A1,121,69,52,4,38
52,04,035,A1,123,248,53,1,63
52,04,176,A3,115,73,53,1,29
52,04,180,A4,113,110,53,1,70
53,01,026,C4,113,110,53,1,136
53,01,031,C5,113,385,53,2,196
53,01,106,D0,116,330,53,2,216
53,01,106,D1,115,385,53,3,51
53,01,106,A#1,119,110,53,1,216
53,01,106,D4,112,165,53,2,51
53,01,106,D5,113,293,53,2,179
53,01,110,F4,114,110,53,2,0
53,01,176,A4,114,255,53,2,211
53,01,202,F4,115,275,53,3,37
53,02,040,A3,120,165,53,2,205
53,02,053,F3,116,385,53,3,218
53,02,079,D3,117,165,53,3,24
53,02,176,D4,113,110,53,3,66
53,02,180,D5,117,110,53,3,70
53,03,031,E4,115,73,53,3,104
53,03,035,E5,113,110,53,3,145
53,03,123,A#4,114,73,53,3,196
53,03,136,F4,114,110,53,4,26
53,03,136,F5,114,293,53,4,209
53,03,180,D5,113,289,54,1,29
53,03,211,A#4,116,289,54,1,60
53,04,035,F4,113,165,53,4,200
53,04,084,A#3,115,165,54,1,29
53,04,110,D3,118,110,54,1,0
53,04,123,A#2,120,110,54,1,13
53,04,207,F4,114,275,54,2,42
53,04,207,F5,113,110,54,1,97
54,01,057,G4,112,110,54,1,167
54,01,057,A#4,118,55,54,1,112
54,01,057,G5,111,110,54,1,167
54,01,136,A1,122,330,54,3,26
54,01,141,E5,113,509,54,3,210
54,01,145,E4,114,110,54,2,35
54,01,145,A4,113,385,54,3,90
54,01,194,C5,113,165,54,2,139
54,02,053,E4,113,165,54,2,218
54,02,084,A3,116,110,54,2,194
54,02,106,E3,116,110,54,2,216
54,02,110,C3,120,73,54,2,183
54,02,211,D4,113,110,54,3,101
54,02,216,D5,117,110,54,3,106
54,03,057,C4,115,73,54,3,130
54,03,062,C5,112,110,54,3,172
54,03,136,D1,116,385,55,1,81
54,03,141,D0,117,165,54,4,86
54,03,141,E4,115,55,54,3,196
54,03,145,C4,121,110,54,4,35
54,03,145,G4,115,55,54,3,200
54,03,154,C5,116,241,54,4,175
54,03,207,D4,115,165,54,4,152
54,03,207,D5,114,220,54,4,207
54,03,211,F4,114,234,55,1,5
54,03,216,A4,114,165,54,4,161
54,04,136,D3,119,110,55,1,26
54,04,136,F3,116,234,55,1,150
54,04,207,A3,114,110,55,1,97
54,04,211,A4,114,110,55,1,101
55,01,057,C4,113,110,55,1,167
55,01,057,C5,114,110,55,1,167
55,01,132,D4,112,110,55,2,22
55,01,132,F4,112,110,55,2,22
55,01,136,A#1,116,385,55,3,81
55,01,136,D5,113,289,55,2,205
55,01,145,A#0,118,234,55,2,159
55,01,202,A#4,114,289,55,3,51
55,02,004,F4,117,330,55,3,114
55,02,040,D4,121,73,55,2,113
55,02,092,A#3,117,110,55,2,202
55,02,198,D4,114,110,55,3,88
55,02,202,D5,116,165,55,3,147
55,03,048,E4,114,73,55,3,121
55,03,053,E5,114,110,55,3,163
55,03,132,F4,114,110,55,4,22
55,03,132,A4,114,234,55,4,146
55,03,136,F0,114,385,56,1,81
55,03,136,F5,112,293,55,4,209
55,03,141,F1,115,475,56,1,176
55,03,189,C5,113,293,56,1,42
55,04,035,F4,115,110,55,4,145
55,04,066,C4,116,165,56,1,11
55,04,092,A3,117,165,56,1,37
55,04,136,C3,117,110,56,1,26
55,04,207,F4,112,110,56,1,97
55,04,207,F5,111,165,56,1,152
56,01,048,G4,118,73,56,1,121
56,01,053,G5,114,165,56,1,218
56,01,128,C2,119,385,56,3,73
56,01,132,G1,122,165,56,2,77
56,01,136,C0,116,385,56,3,81
56,01,136,C1,114,385,56,3,81
56,01,136,G4,116,293,56,2,209
56,01,136,E5,111,330,56,3,26
56,01,141,E4,113,165,56,2,86
56,01,194,C5,114,289,56,3,43
56,02,062,E4,113,165,56,3,7
56,02,079,C4,115,165,56,3,24
56,02,114,E3,115,110,56,3,4
56,02,128,C3,120,110,56,3,18
56,02,202,D4,112,165,56,3,147
56,02,202,D5,112,165,56,3,147
56,03,044,C4,114,110,56,3,154
56,03,044,C5,113,330,56,4,154
56,03,119,A#1,119,165,56,4,64
56,03,119,D2,117,165,56,4,64
56,03,119,F4,112,330,57,1,9
56,03,123,D0,122,605,57,2,68
56,03,123,D1,122,454,57,1,137
56,03,123,D4,112,275,56,4,178
56,03,128,D5,114,248,56,4,156
56,03,198,A4,113,165,56,4,143
56,04,097,F3,121,110,56,4,207
56,04,110,D3,117,73,56,4,183
56,04,189,A3,118,55,57,1,24
56,04,189,A4,114,165,57,1,134
57,01,040,C4,114,110,57,1,150
57,01,040,C5,112,165,57,1,205
57,01,119,A#1,117,330,57,3,9
57,01,119,D2,120,234,57,2,133
57,01,119,D4,113,110,57,2,9
57,01,119,F4,113,165,57,2,64
57,01,123,A4,113,110,57,2,13
57,01,128,D5,114,110,57,2,18
57,01,132,D1,118,165,57,2,77
57,02,035,D4,115,165,57,2,200
57,02,035,D5,116,165,57,2,200
57,02,040,F4,115,110,57,2,150
57,02,040,A4,121,220,57,3,40
57,02,119,F2,115,605,58,1,64
57,02,123,A2,120,110,57,3,13
57,02,132,D2,121,165,57,3,77
57,02,176,F4,117,73,57,3,29
57,02,185,D5,118,73,57,3,38
57,03,035,F5,115,110,57,3,145
57,03,040,F4,114,73,57,3,113
57,03,040,A4,115,110,57,3,150
57,03,040,D5,120,73,57,3,113
57,03,114,A#2,120,110,57,4,4
57,03,114,G4,115,165,57,4,59
57,03,114,G5,111,165,57,4,59
57,03,119,A#4,115,110,57,4,9
57,03,123,A#1,114,605,58,2,68
57,03,123,D5,113,110,57,4,13
57,04,035,G4,123,165,57,4,200
57,04,035,A#4,118,165,57,4,200
57,04,035,D5,120,165,57,4,200
57,04,035,G5,112,165,57,4,200
57,04,110,G2,114,454,58,2,124
57,04,110,D3,118,110,58,1,0
57,04,110,G3,119,110,58,1,0
57,04,176,G4,121,110,58,1,66
57,04,176,G5,116,110,58,1,66
57,04,189,D5,122,165,58,1,134
57,04,194,A#4,120,165,58,1,139
58,01,040,A4,113,73,58,1,113
58,01,040,A5,110,165,58,1,205
58,01,119,A#4,114,165,58,2,64
58,01,123,G0,116,385,58,3,68
58,01,123,G1,122,165,58,2,68
58,01,123,A#5,113,165,58,2,68
58,01,128,G5,111,165,58,2,73
58,01,132,D5,113,165,58,2,77
58,02,053,G5,111,165,58,2,218
58,02,053,A#5,113,110,58,2,163
58,02,057,A#4,114,165,58,3,2
58,02,057,D5,113,165,58,3,2
58,02,114,G1,119,289,58,3,183
58,02,119,G2,123,165,58,3,64
58,02,198,D5,116,165,58,3,143
58,02,202,A4,113,165,58,3,147
58,02,202,A5,112,165,58,3,147
58,03,044,G5,111,110,58,3,154
58,03,048,G4,114,73,58,3,121
58,03,128,A4,114,73,58,3,201
58,03,128,D5,114,330,59,1,18
58,03,128,A5,113,330,59,1,18
58,03,132,D0,119,110,58,4,22
58,03,132,D1,116,110,58,4,22
58,03,132,F5,113,248,58,4,160
58,03,202,F4,113,234,58,4,216
58,03,202,A4,119,241,59,1,3
58,03,207,D4,114,165,58,4,152
58,04,136,D2,114,165,59,1,81
58,04,141,F2,116,440,59,2,141
58,04,141,A2,118,165,59,1,86
58,04,216,F4,115,165,59,1,161
59,01,000,D4,114,110,59,1,110
59,01,000,A4,118,73,59,1,73
59,01,000,D5,116,165,59,1,165
59,01,062,E4,113,69,59,1,131
59,01,066,E5,112,165,59,2,11
59,01,136,A#1,114,165,59,2,81
59,01,136,A#2,117,110,59,2,26
59,01,141,A#0,121,165,59,2,86
59,01,141,F4,114,110,59,2,31
59,01,141,A#4,113,110,59,2,31
59,01,141,D5,112,165,59,2,86
59,01,141,F5,113,165,59,2,86
59,02,057,F4,116,165,59,3,2
59,02,057,A#4,115,110,59,2,167
59,02,062,D5,113,110,59,2,172
59,02,062,F5,112,165,59,3,7
59,02,119,G2,117,110,59,3,9
59,02,189,G4,113,110,59,3,79
59,02,194,A#4,112,165,59,3,139
59,02,194,D5,119,110,59,3,84
59,02,194,G5,113,110,59,3,84
59,03,101,A4,113,241,59,4,122
59,03,101,A5,114,330,59,4,211
59,03,106,D1,115,330,59,4,216
59,03,106,D5,116,330,59,4,216
59,03,106,F5,113,234,59,4,120
59,03,110,D2,122,73,59,3,183
59,03,180,F4,113,165,59,4,125
59,03,185,D4,112,165,59,4,130
59,03,189,D2,123,275,60,1,24
59,04,198,F4,114,69,60,1,47
59,04,202,D4,114,110,60,1,92
59,04,202,A4,114,165,60,1,147
59,04,202,D5,117,110,60,1,92
60,01,048,F4,115,165,60,1,213
60,01,048,F5,112,165,60,1,213
60,01,123,A1,114,165,60,2,68
60,01,128,E4,113,165,60,2,73
60,01,132,A0,122,165,60,2,77
60,01,132,G4,113,165,60,2,77
60,01,132,E5,112,165,60,2,77
60,02,053,E4,111,275,60,3,108
60,02,053,G4,112,165,60,2,218
60,02,053,B4,122,165,60,2,218
60,02,053,E5,112,165,60,2,218
60,02,128,C#3,115,165,60,3,73
60,02,132,E2,122,110,60,3,22
60,02,136,G2,114,110,60,3,26
60,02,136,A2,122,165,60,3,81
60,02,202,F4,112,165,60,3,147
60,02,202,D5,121,55,60,3,37
60,02,207,D4,113,55,60,3,42
60,03,040,D5,125,110,60,3,150
60,03,044,D4,125,110,60,3,154
60,03,128,D1,116,165,60,4,73
60,03,128,D2,114,165,60,4,73
60,03,132,F4,116,110,60,4,22
60,03,132,A4,113,165,60,4,77
60,03,132,D5,116,165,60,4,77
60,03,136,D4,118,110,60,4,26
60,04,048,F4,114,165,60,4,213
60,04,053,D4,117,165,60,4,218
60,04,053,A4,121,165,60,4,218
60,04,053,D5,120,73,60,4,126
60,04,070,D1,121,165,61,1,15
60,04,114,D2,121,73,60,4,187
60,04,132,D5,117,73,60,4,205
60,04,207,A1,118,73,61,1,60
60,04,207,C#2,120,110,61,1,97
60,04,207,E4,112,73,61,1,60
60,04,207,C#5,115,165,61,1,152
60,04,211,G4,114,110,61,1,101
60,04,211,E5,112,165,61,1,156
61,01,123,C2,115,165,61,2,68
61,01,123,F5,114,165,61,2,68
61,01,128,F4,114,110,61,2,18
61,01,128,A4,116,165,61,2,73
61,01,128,D5,116,165,61,2,73
61,02,044,F4,115,73,61,2,117
61,02,048,A4,117,69,61,2,117
61,02,048,D5,115,165,61,2,213
61,02,048,F5,112,73,61,2,121
61,02,053,C2,115,165,61,2,218
61,02,110,A4,119,110,61,3,0
61,02,123,F4,114,73,61,2,196
61,02,123,F5,117,73,61,2,196
61,02,194,G4,113,110,61,3,84
61,02,194,A#4,114,165,61,3,139
61,02,194,G5,111,385,61,4,139
61,02,198,A#0,116,165,61,3,143
61,02,198,D5,113,165,61,3,143
61,02,207,A#1,115,110,61,3,97
61,03,136,A0,114,825,62,3,81
61,03,136,A4,112,165,61,4,81
61,03,136,D5,116,234,61,4,150
61,03,136,F5,113,165,61,4,81
61,03,136,A5,111,825,62,3,81
61,04,106,F3,115,73,61,4,179
61,04,110,D3,117,165,62,1,55
61,04,176,F4,116,495,62,3,11
61,04,176,F5,114,293,62,2,29
61,04,194,F3,125,69,62,1,43
62,01,031,D3,116,73,62,1,104
62,01,035,D4,116,289,62,2,104
62,01,035,D5,113,293,62,2,108
62,01,044,F3,125,73,62,1,117
62,01,106,A2,125,330,62,2,216
62,01,106,D3,119,220,62,2,106
62,01,114,A3,116,165,62,2,59
62,01,119,F3,124,55,62,1,174
62,01,119,A4,114,330,62,3,9
62,01,167,F3,124,73,62,2,20
62,02,018,F3,120,234,62,3,32
62,02,106,D3,117,165,62,3,51
62,03,119,A#4,111,330,63,1,9
62,03,119,A#5,114,234,62,4,133
62,03,123,G0,113,825,63,3,68
62,03,123,G1,118,681,63,2,144
62,03,123,D5,112,330,63,1,13
62,03,123,G5,110,330,63,1,13
62,04,101,D3,119,165,63,1,46
62,04,101,F3,115,73,62,4,174
62,04,172,F3,123,234,63,1,186
62,04,172,A#3,120,165,63,1,117
62,04,176,A#2,120,255,63,1,211
62,04,180,F4,116,605,63,3,125
62,04,180,F5,114,165,63,1,125
63,01,026,D3,114,73,63,1,99
63,01,031,D4,113,495,63,3,86
63,01,031,D5,117,234,63,2,45
63,01,101,D3,117,73,63,1,174
63,01,101,A#3,115,385,63,3,46
63,01,106,A#4,115,289,63,2,175
63,01,176,F3,117,69,63,2,25
63,01,185,D3,117,110,63,2,75
63,02,026,F3,121,73,63,2,99
63,02,101,D3,115,110,63,2,211
63,02,101,F3,122,73,63,2,174
63,02,172,F3,116,165,63,3,117
63,03,013,D3,115,69,63,3,82
63,03,114,C#3,114,165,63,4,59
63,03,114,A3,119,110,63,4,4
63,03,123,A0,115,234,63,4,137
63,03,123,A1,116,385,64,1,68
63,03,132,E3,116,110,63,4,22
63,04,106,A#1,115,110,63,4,216
63,04,106,F3,120,73,63,4,179
63,04,106,A3,114,165,64,1,51
63,04,114,D4,113,289,64,1,183
63,04,123,D3,118,55,63,4,178
63,04,128,A0,115,385,64,2,73
63,04,180,D3,119,293,64,2,33
63,04,180,F3,116,165,64,1,125
64,01,128,F4,112,255,64,2,163
64,01,132,F3,115,220,64,2,132
64,01,132,A3,113,165,64,2,77
64,01,132,C#4,112,289,64,2,201
64,02,180,E2,121,69,64,3,29
64,02,185,A1,118,385,64,4,130
64,02,189,E3,114,69,64,3,38
64,02,189,G3,114,165,64,3,134
64,02,189,E4,115,255,64,4,4
64,02,194,A0,119,110,64,3,84
64,02,194,C#4,115,165,64,3,139
64,03,035,E3,121,110,64,3,145
64,03,128,D0,117,110,64,4,18
64,03,128,F3,114,165,64,4,73
64,03,128,A3,116,165,64,4,73
64,03,132,D1,114,385,65,1,77
64,04,048,A2,120,385,65,1,213
64,04,053,D3,119,110,64,4,163
64,04,053,F3,117,165,64,4,218
64,04,057,A3,120,241,65,1,78
64,04,114,D2,114,234,65,1,128
64,04,119,A1,121,385,65,2,64
64,04,207,F3,124,165,65,1,152
65,01,070,D1,120,165,65,2,15
65,01,119,D2,119,69,65,1,188
65,01,119,A#3,116,110,65,2,9
65,01,172,F3,120,330,65,3,62
65,01,189,A2,125,385,65,3,134
65,01,189,D3,124,248,65,2,217
65,01,194,A3,115,385,65,3,139
65,02,048,D2,115,234,65,3,62
65,02,057,D1,119,289,65,3,126
65,03,057,D2,120,69,65,3,126
65,03,136,C2,120,165,65,4,81
65,03,145,C1,120,513,66,1,218
65,03,154,G1,119,275,65,4,209
65,03,154,G2,116,330,66,1,44
65,03,154,E3,119,110,65,4,44
65,03,154,G3,123,385,66,1,99
65,04,062,E3,117,110,65,4,172
65,04,123,C2,116,165,66,1,68
65,04,189,E3,122,165,66,1,134
66,01,114,G2,117,110,66,2,4
66,01,119,C3,118,275,66,2,174
66,01,119,D4,119,255,66,2,154
66,01,132,E3,120,69,66,1,201
66,01,185,D0,118,110,66,2,75
66,01,189,D1,115,385,66,3,134
66,01,198,F3,119,241,66,2,219
66,03,044,D2,119,165,66,3,209
66,03,128,A2,118,110,66,4,18
66,03,132,A3,114,110,66,4,22
66,03,136,D1,119,275,66,4,191
66,03,141,F3,115,110,66,4,31
66,04,044,A2,115,255,67,1,79
66,04,044,A3,120,255,67,1,79
66,04,048,D3,116,165,66,4,213
66,04,053,F3,122,110,66,4,163
66,04,110,D2,119,110,67,1,0
66,04,176,F3,123,220,67,1,176
66,04,185,D1,123,289,67,2,34
67,01,026,D2,122,110,67,1,136
67,01,097,A#2,116,69,67,1,166
67,01,106,A#3,119,73,67,1,179
67,01,172,A2,116,468,67,3,200
67,01,176,D3,115,330,67,3,66
67,01,176,F3,113,385,67,3,121
67,01,176,A3,113,330,67,3,66
67,02,035,D1,117,289,67,3,104
67,02,035,D2,115,495,67,4,90
67,03,123,G1,114,165,67,4,68
67,03,123,G2,119,165,67,4,68
67,03,128,G0,116,241,67,4,149
67,04,053,F2,117,110,67,4,163
67,04,057,G1,120,110,67,4,167
67,04,176,E2,114,73,68,1,29
67,04,185,A0,122,73,68,1,38
67,04,185,A1,117,73,68,1,38
67,04,189,C#3,116,73,68,1,42
68,01,106,D0,117,165,68,2,51
68,01,110,D1,115,165,68,2,55
68,01,110,A1,121,165,68,2,55
68,01,114,A#0,122,69,68,1,183
68,01,123,C4,118,330,68,3,13
68,02,132,F3,121,289,68,3,201
68,02,167,A3,115,330,68,4,57
68,03,004,D4,112,110,68,3,114
68,03,062,E4,113,69,68,3,131
68,03,123,D2,115,255,68,4,158
68,03,128,F4,111,330,69,1,18
68,03,202,A2,119,289,69,1,51
68,03,202,D4,114,165,68,4,147
68,04,044,D3,120,165,68,4,209
68,04,048,A3,115,330,69,1,158
68,04,119,F3,114,248,69,1,147
68,04,128,D4,119,385,69,2,73
68,04,185,D3,120,110,69,1,75
68,04,202,G4,114,165,69,1,147
69,01,044,A2,116,110,69,1,154
69,01,044,A4,112,110,69,1,154
69,01,123,G3,120,440,69,3,123
69,01,123,G4,114,165,69,2,68
69,01,128,C2,113,385,69,3,73
69,01,198,C4,119,69,69,2,47
69,01,202,G2,114,275,69,3,37
69,02,048,C4,124,73,69,2,121
69,02,048,F4,110,165,69,2,213
69,02,053,C3,117,110,69,2,163
69,02,123,E3,114,165,69,3,68
69,02,123,C4,115,385,69,4,68
69,02,189,C3,121,110,69,3,79
69,03,035,G2,115,73,69,3,108
69,03,110,F2,111,454,70,1,124
69,03,110,F3,116,165,69,4,55
69,03,110,F4,111,330,70,1,0
69,03,189,C3,115,165,69,4,134
69,03,189,A3,113,165,69,4,134
69,04,044,G4,114,165,69,4,209
69,04,053,F3,119,330,70,1,163
69,04,110,A3,115,110,70,1,0
69,04,114,C4,115,165,70,1,59
69,04,198,A4,113,165,70,1,143
70,01,031,C3,115,165,70,1,196
70,01,035,C4,117,220,70,2,35
70,01,097,C2,118,165,70,2,42
70,01,114,G4,120,241,70,2,135
70,01,185,G2,114,165,70,2,130
70,01,185,E4,112,165,70,2,130
70,01,189,D4,121,73,70,2,42
70,02,031,C3,118,110,70,2,141
70,02,035,C4,116,110,70,2,145
70,02,106,E3,115,165,70,3,51
70,02,163,C3,117,110,70,3,53
70,02,167,C4,119,165,70,3,112
70,02,185,F4,112,165,70,3,130
70,03,026,G2,116,73,70,3,99
70,03,035,G4,112,110,70,3,145
70,03,101,F2,113,454,71,1,115
70,03,106,A4,112,275,70,4,161
70,03,185,C3,116,275,71,1,20
70,03,185,F4,112,165,70,4,130
70,04,031,C4,121,385,71,1,196
70,04,035,F3,121,293,71,1,108
70,04,106,A3,113,165,71,1,51
70,04,110,F4,111,165,71,1,55
70,04,185,G4,111,110,71,1,75
71,01,018,C3,119,55,71,1,73
71,01,035,F4,110,110,71,1,145
71,01,110,A1,113,385,71,3,55
71,01,119,E4,111,165,71,2,64
71,01,185,E2,114,293,71,3,38
71,01,198,A3,112,454,71,3,212
71,02,053,A2,118,165,71,2,218
71,02,053,F4,111,234,71,3,67
71,02,119,C#3,114,165,71,3,64
71,02,198,E4,112,165,71,3,143
71,02,202,A2,124,110,71,3,92
71,03,044,E2,122,55,71,3,99
71,03,119,D2,114,165,71,4,64
71,03,119,D4,111,330,72,1,9
71,03,202,A3,115,165,71,4,147
71,03,207,A2,116,275,72,1,42
71,04,040,F3,115,73,71,4,113
71,04,053,D3,115,165,71,4,218
71,04,123,F3,118,289,72,1,192
71,04,123,A3,116,165,72,1,68
71,04,194,D3,117,165,72,1,139
71,04,198,E4,112,241,72,1,219
72,01,048,A2,123,165,72,1,213
72,01,048,C4,116,248,72,2,76
72,01,114,D2,115,165,72,2,59
72,01,123,D4,113,165,72,2,68
72,01,194,A2,117,165,72,2,139
72,02,040,D3,116,69,72,2,109
72,02,044,F3,115,69,72,2,113
72,02,110,A3,116,241,72,3,131
72,02,114,F3,120,241,72,3,135
72,02,180,D3,116,73,72,3,33
72,02,189,D4,114,73,72,3,42
72,02,194,F4,113,165,72,3,139
72,02,194,D5,120,73,72,3,47
72,03,044,E4,113,110,72,3,154
72,03,044,G4,115,165,72,3,209
72,03,048,E5,116,110,72,3,158
72,03,053,A2,117,165,72,3,218
72,03,123,F4,112,255,72,4,158
72,03,123,A4,112,248,72,4,151
72,03,123,F5,111,385,73,1,68
72,03,128,D2,115,220,72,4,128
72,03,132,F3,124,165,72,4,77
72,03,132,A3,122,165,72,4,77
72,03,194,A2,118,385,73,1,139
72,04,044,D3,116,165,72,4,209
72,04,114,F3,117,165,73,1,59
72,04,211,E4,113,73,73,1,64
72,04,211,G4,115,165,73,1,156
72,04,211,E5,112,165,73,1,156
73,01,057,F4,114,110,73,1,167
73,01,057,A4,118,73,73,1,130
73,01,057,F5,113,110,73,1,167
73,01,123,G5,112,165,73,2,68
73,01,128,C2,113,385,73,3,73
73,01,128,A#4,113,165,73,2,73
73,01,132,G4,113,165,73,2,77
73,01,194,G2,114,275,73,3,29
73,02,048,F5,114,165,73,2,213
73,02,070,A#4,125,110,73,2,180
73,02,123,E3,118,110,73,3,13
73,02,180,C3,120,73,73,3,33
73,02,189,G4,116,110,73,3,79
73,02,194,A#4,115,165,73,3,139
73,02,194,G5,111,165,73,3,139
73,03,031,G2,119,69,73,3,100
73,03,110,A4,113,165,73,4,55
73,03,110,A5,110,165,73,4,55
73,03,114,F1,113,165,73,4,59
73,03,114,F2,118,513,74,1,187
73,03,114,C5,111,385,74,1,59
73,03,198,C2,114,330,74,1,88
73,04,053,G4,114,165,73,4,218
73,04,053,A#4,115,695,74,3,88
73,04,053,G5,112,165,73,4,218
73,04,123,A2,116,165,74,1,68
73,04,198,F5,116,461,74,2,219
73,04,202,F4,119,165,74,1,147
73,04,202,A4,120,110,74,1,92
74,01,123,A#1,114,220,74,2,123
74,01,128,A#2,120,165,74,2,73
74,01,136,D4,113,293,74,2,209
74,01,136,D5,112,293,74,2,209
74,01,141,F4,112,289,74,2,210
74,01,194,F2,114,293,74,3,47
74,02,057,A#2,118,165,74,3,2
74,02,128,D3,113,165,74,3,73
74,02,207,A#2,122,165,74,3,152
74,02,207,D4,112,110,74,3,97
74,02,207,F4,112,110,74,3,97
74,02,211,D5,116,241,74,4,12
74,03,053,E4,113,55,74,3,108
74,03,053,G4,112,55,74,3,108
74,03,053,E5,120,55,74,3,108
74,03,057,F2,121,165,74,4,2
74,03,123,F4,115,165,74,4,68
74,03,123,F5,113,165,74,4,68
74,03,128,A4,112,165,74,4,73
74,03,132,D2,115,165,74,4,77
74,03,216,A2,113,255,75,1,31
74,04,048,G4,114,110,74,4,158
74,04,053,D3,120,110,74,4,163
74,04,053,A#4,114,165,74,4,218
74,04,053,G5,111,165,74,4,218
74,04,119,F3,115,110,75,1,9
74,04,180,D3,114,73,75,1,33
74,04,189,A4,112,165,75,1,134
74,04,189,A5,111,165,75,1,134
74,04,194,C5,112,110,75,1,84
75,01,031,A2,121,55,75,1,86
75,01,110,A#5,112,165,75,2,55
75,01,114,G1,114,330,75,3,4
75,01,114,A#4,114,165,75,2,59
75,01,119,D5,113,165,75,2,64
75,01,194,D2,114,165,75,2,139
75,01,198,C5,117,69,75,2,47
75,02,040,D4,115,165,75,2,205
75,02,040,A#4,113,165,75,2,205
75,02,044,G2,125,165,75,2,209
75,02,044,D5,113,275,75,3,99
75,02,114,A#2,114,110,75,3,4
75,02,194,G2,116,73,75,3,47
75,02,202,G4,112,165,75,3,147
75,02,202,A#4,112,165,75,3,147
75,02,202,G5,113,385,75,4,147
75,03,044,D2,117,69,75,3,113
75,03,123,A1,112,385,76,1,68
75,03,123,F4,112,289,75,4,192
75,03,123,A4,113,220,75,4,123
75,03,123,F5,111,220,75,4,123
75,03,132,A2,124,220,75,4,132
75,04,123,G4,118,73,75,4,196
75,04,128,A#4,118,165,76,1,73
75,04,128,G5,114,165,76,1,73
75,04,198,E4,113,165,76,1,143
75,04,198,G4,119,165,76,1,143
75,04,198,E5,113,165,76,1,143
75,04,207,A2,121,110,76,1,97
76,01,128,F4,112,330,76,3,18
76,01,128,D5,114,234,76,2,142
76,01,132,D4,111,255,76,2,167
76,01,141,A0,117,468,76,3,169
76,02,057,A1,122,330,76,3,167
76,02,114,E4,114,73,76,2,187
76,02,114,G4,113,165,76,3,59
76,02,119,E3,120,110,76,3,9
76,02,119,E5,115,165,76,3,64
76,02,189,C#4,113,110,76,3,79
76,02,194,E4,115,73,76,3,47
76,02,194,C#5,116,73,76,3,47
76,03,123,A3,117,73,76,3,196
76,03,128,D4,116,110,76,4,18
76,03,128,F4,115,110,76,4,18
76,03,128,A5,116,165,76,4,73
76,03,132,A4,114,110,76,4,22
76,03,132,D5,117,110,76,4,22
76,03,132,F5,114,165,76,4,77
76,04,119,D1,117,165,77,1,64
76,04,119,D2,117,69,76,4,188
77,01,110,A#3,118,110,77,2,0
77,01,114,A#4,117,165,77,2,59
77,01,114,A#5,117,110,77,2,4
77,01,119,D4,118,73,77,1,192
77,01,119,G4,118,165,77,2,64
77,01,119,G5,120,110,77,2,9
77,02,101,G0,120,165,77,3,46
77,02,110,G1,118,110,77,3,0
77,03,110,A3,114,165,77,4,55
77,03,114,F4,115,165,77,4,59
77,03,114,A4,115,293,77,4,187
77,03,114,F5,120,165,77,4,59
77,03,114,A5,116,293,77,4,187
77,03,119,C5,115,165,77,4,64
77,03,123,C4,114,165,77,4,68
77,04,053,C4,118,165,77,4,218
77,04,053,F4,121,165,77,4,218
77,04,053,C5,120,110,77,4,163
77,04,057,A3,120,110,77,4,167
77,04,057,F5,119,165,78,1,2
77,04,189,C5,115,110,78,1,79
77,04,194,A3,121,110,78,1,84
77,04,194,F4,118,110,78,1,84
77,04,194,A4,116,110,78,1,84
77,04,198,C4,115,110,78,1,88
77,04,198,F5,114,110,78,1,88
77,04,198,A5,113,110,78,1,88
78,01,092,A3,115,73,78,1,165
78,01,097,F4,118,234,78,2,111
78,01,097,A4,115,73,78,1,170
78,01,097,F5,116,73,78,1,170
78,01,097,A5,112,165,78,2,42
78,01,101,C4,121,69,78,1,170
78,01,101,C5,114,73,78,1,174
78,01,167,G3,115,73,78,2,20
78,01,167,C4,118,110,78,2,57
78,01,167,G4,118,69,78,2,16
78,01,167,G5,114,275,78,3,2
78,01,172,C5,120,110,78,2,62
78,01,172,E5,115,110,78,2,62
78,02,114,C2,119,165,78,3,59
78,02,123,G1,124,110,78,3,13
78,02,154,C4,116,110,78,3,44
78,02,189,E4,117,110,78,3,79
78,03,018,G4,115,110,78,3,128
78,03,048,C5,113,73,78,3,121
78,03,079,E5,114,73,78,3,152
78,03,119,G2,120,73,78,3,192
78,03,123,G3,115,385,79,1,68
78,03,123,D5,116,110,78,4,13
78,03,123,G5,111,385,79,1,68
78,03,128,A#3,121,330,79,1,18
78,03,128,D4,114,330,79,1,18
78,03,128,G4,117,248,78,4,156
78,03,128,A#4,114,330,79,1,18
78,04,119,G1,121,165,79,1,64
78,04,128,G0,119,165,79,1,73
79,01,114,F3,116,165,79,2,59
79,01,119,D4,115,165,79,2,64
79,01,119,F4,115,385,79,3,64
79,01,119,A4,115,165,79,2,64
79,01,119,D5,118,110,79,2,9
79,01,119,F5,120,110,79,2,9
79,01,128,A3,114,165,79,2,73
79,02,110,A1,118,110,79,3,0
79,02,110,F2,120,73,79,2,183
79,03,128,E3,114,165,79,4,73
79,03,128,E5,117,165,79,4,73
79,03,132,E4,113,165,79,4,77
79,03,136,A3,113,165,79,4,81
79,03,136,C#4,115,110,79,4,26
79,03,136,A4,115,165,79,4,81
79,04,057,F4,114,165,80,1,2
79,04,057,A4,115,110,79,4,167
79,04,057,D5,117,110,79,4,167
79,04,057,F5,115,234,80,1,71
79,04,062,F3,114,110,79,4,172
79,04,062,A3,115,110,79,4,172
79,04,066,D4,113,110,79,4,176
79,04,194,E3,114,110,80,1,84
79,04,194,A3,114,110,80,1,84
79,04,194,C#4,116,110,80,1,84
